{
  "timestamp": "2026-03-07T19:42:54.619768",
  "dataset_size": {
    "original": 4920,
    "expanded": 738000,
    "features": 131
  },
  "test_size": 147600,
  "models": {
    "naive_bayes": {
      "accuracy": 0.9087059620596206,
      "precision": 0.9198349050670269,
      "recall": 0.9087059620596206,
      "f1": 0.9103422143994144
    },
    "decision_tree": {
      "accuracy": 0.29932249322493226,
      "precision": 0.48626338027412297,
      "recall": 0.29932249322493226,
      "f1": 0.352946564206041
    },
    "random_forest": {
      "accuracy": 0.8156571815718158,
      "precision": 0.9244401960685447,
      "recall": 0.8156571815718158,
      "f1": 0.8525075997182894
    },
    "logistic_regression": {
      "accuracy": 0.9084688346883469,
      "precision": 0.9167135838500483,
      "recall": 0.9084688346883469,
      "f1": 0.9092274096664039
    },
    "neural_network": {
      "accuracy": 0.9075610041618347,
      "precision": 0.9194693285000514,
      "recall": 0.9075609756097561,
      "f1": 0.9091516249025883
    }
  }
}